id_colaborador,nome,id_departamento
1,Srta. Gabriela Pinto,10
2,Sophie Duarte,2
3,Letícia Costa,8
4,Pedro Miguel Gomes,1
5,Maria Vitória Jesus,5
6,Bianca Rodrigues,5
7,Dr. Nicolas da Paz,5
8,Brenda Aragão,6
9,Diogo Moreira,2
10,Dra. Lívia da Cruz,9
11,Srta. Milena Fogaça,4
12,Maria Sophia Moreira,10
13,Ryan Silva,10
14,Diego da Paz,3
15,Ana Júlia Oliveira,2
16,Stephany Nunes,4
17,Felipe Peixoto,8
18,Maria Alice Rocha,4
19,Isabella Martins,5
20,João Lucas Lima,5
21,Julia Rodrigues,4
22,Dra. Ana Clara da Costa,4
23,Emanuelly Martins,10
24,Yuri Gonçalves,6
25,Melissa Araújo,7
26,Marcela Vieira,10
27,Alice Cavalcanti,4
28,Guilherme da Cunha,10
29,Catarina Pereira,4
30,Júlia Souza,7
31,Ana Lívia Barbosa,7
32,Sr. Theo da Mota,5
33,Bruna da Costa,1
34,Ana Clara Cardoso,6
35,Maria Castro,3
36,Isabelly Gonçalves,3
37,Guilherme Silveira,10
38,Alana da Conceição,7
39,Camila Ribeiro,1
40,Bianca Rezende,6
41,Thomas da Rocha,9
42,Matheus Teixeira,9
43,Elisa das Neves,2
44,Pedro Ferreira,3
45,Sr. Benjamin Porto,2
46,Mirella Caldeira,9
47,Sr. Carlos Eduardo da Cunha,9
48,Larissa Araújo,10
49,Emanuella Correia,2
50,Ana Julia Almeida,9
51,Davi Pires,9
52,Ana Beatriz da Paz,10
53,Luiz Otávio Carvalho,7
54,Vitória da Costa,7
55,Lara Alves,6
56,Maria Julia Ramos,1
57,Ana Vitória Costa,1
58,Caio Nascimento,6
59,João Guilherme da Paz,3
60,Kamilly Aragão,10
61,Dra. Fernanda da Luz,7
62,Bryan Fernandes,1
63,Fernando Almeida,6
64,Dra. Maria Vitória Martins,10
65,Esther Araújo,6
66,Ana Júlia Alves,1
67,Manuela Sales,5
68,João Vitor Teixeira,2
69,Natália Campos,4
70,Marcos Vinicius Pinto,6
71,Helena Lopes,5
72,Isabella Cardoso,8
73,Pietro Aragão,10
74,Nina Cunha,8
75,Emanuel da Rocha,5
76,Clarice Gomes,8
77,Dra. Valentina Silveira,8
78,Ana Luiza Monteiro,5
79,Davi Lucas Sales,6
80,Alice da Rocha,10
81,Rodrigo Lima,9
82,Lorena Moraes,3
83,Eloah Moraes,3
84,Catarina Alves,4
85,Vitor Hugo Correia,2
86,Maria Luiza Ramos,3
87,Calebe Araújo,3
88,Ana Sophia Monteiro,9
89,Manuela Cunha,10
90,Sr. Miguel Nascimento,7
91,Eloah Santos,2
92,Isabella Melo,7
93,Sr. Lorenzo Fogaça,8
94,Maria Eduarda Silva,6
95,Stephany Correia,8
96,Ana Vitória Cunha,5
97,Davi Luiz Costela,3
98,Vitor Martins,2
99,Rebeca Pinto,5
100,Ana Lívia Rodrigues,9
101,Igor Oliveira,3
102,Stephany Monteiro,9
103,Sophie Peixoto,4
104,Luiz Otávio da Mota,1
105,Eloah Rodrigues,1
106,Leonardo Fogaça,2
107,Srta. Ana Júlia Azevedo,7
108,João Miguel Moreira,5
109,Bianca da Rosa,2
110,Noah Peixoto,5
111,João Lucas Almeida,8
112,Nina Ribeiro,6
113,Catarina Moraes,8
114,Joaquim da Cruz,10
115,Heloísa Souza,7
116,Sr. Luiz Gustavo Campos,5
117,Lucas Viana,3
118,João Felipe Moraes,2
119,Ana Clara Araújo,7
120,Sabrina Moreira,8
121,Raquel Gonçalves,9
122,Mariane Cardoso,5
123,Murilo Nascimento,3
124,Lorena Lima,7
125,Laura Campos,2
126,Emilly da Costa,10
127,Vitória Nascimento,1
128,Caio Mendes,10
129,Isis Souza,7
130,Rebeca Santos,7
131,Letícia Moreira,2
132,Alícia Pires,4
133,Davi Monteiro,5
134,João Lucas Melo,2
135,Cauã Fernandes,6
136,Lívia Monteiro,3
137,Benício Nascimento,8
138,Sr. Murilo Rodrigues,8
139,Luiz Fernando Alves,3
140,Juan Mendes,9
141,Srta. Emilly Dias,4
142,Joaquim da Cunha,9
143,Eduarda Gomes,8
144,Isadora Melo,4
145,Eduardo Ramos,2
146,Leandro Ramos,6
147,Lara Cardoso,2
148,Carolina Fernandes,7
149,Bianca Sales,10
150,Igor Pereira,4
151,Thales Duarte,6
152,Ana Julia Oliveira,9
153,Cecília Sales,6
154,Pedro Lucas Melo,7
155,Clarice Moreira,4
156,Fernando Barbosa,7
157,Sr. Kaique Costela,8
158,Sophie Rodrigues,9
159,Erick Alves,3
160,Ana Carolina Freitas,5
161,Srta. Mariane Caldeira,3
162,Alexandre Santos,10
163,Dra. Maria Julia Lopes,2
164,Eduardo Moraes,3
165,Sr. Paulo Monteiro,2
166,Brenda da Costa,1
167,Amanda Alves,3
168,Maysa da Rocha,8
169,Thomas da Luz,8
170,Ana Júlia Ribeiro,7
171,Pedro Miguel Rocha,8
172,Bruno Vieira,8
173,Breno da Cunha,5
174,Beatriz da Conceição,1
175,Ana Sophia Campos,10
176,Pietro Carvalho,3
177,Lucas Gabriel Nascimento,8
178,Sr. Nicolas Rezende,4
179,Eloah Carvalho,9
180,Cauã Lopes,8
181,João Lucas Peixoto,9
182,Evelyn Rodrigues,9
183,Sra. Milena Lima,8
184,Ana Julia Gomes,8
185,Maria Cecília Alves,5
186,Vinicius Duarte,10
187,Pedro Araújo,8
188,Kevin Souza,6
189,Davi Luiz da Conceição,3
190,Pedro Lucas Correia,3
191,João Vitor Correia,7
192,Marcela Rezende,4
193,Noah Jesus,10
194,João Guilherme Lima,9
195,Natália Rodrigues,2
196,Gabrielly Freitas,1
197,Alexandre da Costa,7
198,Ana Laura Pires,10
199,Lorenzo Sales,1
200,Stella Correia,6
201,Sr. Nicolas Lopes,3
202,Gabrielly Santos,8
203,Maria Fernanda Ribeiro,6
204,Luna Lima,4
205,Thales Ramos,10
206,Felipe Moraes,4
207,Stella Moura,3
208,Manuela Barros,5
209,Cauê Aragão,3
210,Dra. Isadora Freitas,4
211,Luiz Miguel Mendes,2
212,Cecília da Rocha,6
213,João Pedro Cardoso,6
214,Diogo Pereira,6
215,Srta. Bianca Azevedo,4
216,Augusto Jesus,1
217,Pietro Alves,3
218,Ana Beatriz Silva,10
219,Bárbara Oliveira,6
220,Vitória da Rocha,6
221,Raquel Peixoto,3
222,Murilo Teixeira,5
223,Marina Cunha,7
224,Marcelo da Mota,4
225,Ana Ferreira,5
226,Isis Gomes,10
227,Erick Fernandes,8
228,Maysa Nascimento,5
229,Pedro Henrique Nogueira,5
230,Sarah Gonçalves,2
231,Dr. Yuri Nunes,4
232,Raquel Cavalcanti,9
233,Eduardo Martins,2
234,Srta. Alexia Moreira,1
235,Helena Novaes,8
236,Dra. Ana Beatriz Moura,8
237,Maysa Nunes,5
238,Agatha Peixoto,3
239,Dra. Amanda Cavalcanti,3
240,Nina Melo,3
241,Samuel Aragão,7
242,Maysa Caldeira,3
243,Anthony Lima,3
244,Júlia da Costa,4
245,Evelyn Nascimento,5
246,Sra. Lavínia Ferreira,9
247,Carlos Eduardo da Mota,4
248,Dra. Isadora Caldeira,9
249,Alana Moreira,2
250,Levi Lima,2
251,Rafael Alves,5
252,Srta. Stella Novaes,6
253,Marcela Azevedo,8
254,Maria Moreira,1
255,Marcelo Caldeira,3
256,Catarina Moraes,8
257,Theo Alves,1
258,Noah Ramos,8
259,Dr. Vitor Gabriel Porto,8
260,Amanda Carvalho,3
261,Lorenzo Freitas,4
262,Sophia Ribeiro,3
263,Milena Nunes,5
264,Heitor Azevedo,5
265,Noah Gonçalves,2
266,João Vitor Moreira,4
267,Daniel Moraes,1
268,Dra. Maria Clara Vieira,10
269,Ana Luiza Mendes,2
270,Erick Lopes,10
271,Nathan Mendes,5
272,Vitor Gabriel Rocha,3
273,Dr. Pedro Correia,10
274,Esther Mendes,5
275,Gabrielly Ribeiro,3
276,Davi Moreira,5
277,Clarice Freitas,5
278,Agatha Melo,2
279,Isis Pereira,8
280,Maitê Costela,2
281,Catarina Gomes,1
282,Diogo Novaes,4
283,Juan da Conceição,10
284,Carolina Teixeira,5
285,Carlos Eduardo Rezende,5
286,Gabriel Santos,6
287,Bruno Porto,2
288,Srta. Kamilly da Cunha,5
289,Augusto Melo,1
290,Cecília Moura,7
291,Lucas Ribeiro,3
292,Leonardo Azevedo,7
293,Maysa Carvalho,8
294,Gabriela Porto,8
295,Maitê da Cunha,3
296,Julia Martins,9
297,Maria Alice Silveira,1
298,Pietro Vieira,10
299,Alícia Costa,9
300,Enrico da Cunha,6
301,Beatriz Alves,9
302,Carlos Eduardo Monteiro,4
303,Augusto Almeida,4
304,Dr. Miguel Cardoso,1
305,Fernando Correia,1
306,Samuel da Rocha,6
307,Maria Sophia Lima,2
308,Eloah Almeida,2
309,Sophia Mendes,1
310,Alana Duarte,3
311,Luiz Gustavo da Luz,3
312,Ana Júlia Alves,7
313,Dr. Anthony Costela,10
314,Thomas Novaes,3
315,Dra. Mariana Dias,3
316,Srta. Maitê da Rosa,1
317,Nathan Rezende,9
318,Caroline Lopes,4
319,Isadora Costela,3
320,Nicolas Jesus,10
321,Murilo da Mota,7
322,Mariane Pinto,9
323,Davi Lucca Barros,4
324,Luiz Felipe Barbosa,10
325,Yago Lopes,6
326,Maria Luiza Cunha,5
327,Erick Dias,3
328,Sr. Lucca da Mata,4
329,Luiz Fernando da Cruz,6
330,Luiz Fernando Aragão,5
331,Beatriz Rezende,7
332,Sra. Luana Farias,1
333,João Pedro Duarte,2
334,Dr. Lorenzo Pires,2
335,Alexandre das Neves,3
336,Ana Júlia Nascimento,5
337,Davi Luiz Caldeira,5
338,Daniel Novaes,10
339,Dr. Augusto Rodrigues,2
340,Luiz Miguel Moraes,6
341,Pietra Gonçalves,3
342,Thales Viana,1
343,Brenda Martins,1
344,Thiago Moreira,5
345,Ana Julia Martins,1
346,Henrique Oliveira,3
347,João Miguel da Cunha,9
348,Maria Vitória Pinto,6
349,Sra. Milena Silva,2
350,Calebe Aragão,1
351,Raquel Nogueira,5
352,Maria Sophia Melo,2
353,Ryan Moura,4
354,Diogo da Cruz,9
355,Vitor Gabriel Araújo,1
356,Clarice Ribeiro,10
357,Stella da Paz,7
358,Fernanda Nascimento,5
359,Emanuella Melo,9
360,Enrico Caldeira,2
361,Emanuel Barbosa,4
362,Davi Duarte,6
363,Ryan Cavalcanti,10
364,Dra. Laura Costela,7
365,Bernardo Novaes,1
366,Dra. Camila Oliveira,8
367,André Vieira,2
368,Nathan Novaes,9
369,Thomas Cardoso,4
370,Gabriel Souza,6
371,Pedro Lucas Barros,5
372,Lucas Campos,5
373,Sr. Erick Souza,6
374,Thomas Fogaça,3
375,Bruno da Cruz,5
376,Sr. Arthur Lopes,9
377,André Barros,6
378,Lívia Araújo,7
379,Amanda Gonçalves,3
380,Samuel Sales,7
381,Emanuel Rodrigues,7
382,João Vitor Aragão,3
383,Elisa Viana,5
384,Gabriel Campos,5
385,Ian Santos,1
386,Srta. Lavínia Sales,4
387,Milena Farias,5
388,Heitor Gomes,5
389,Rafaela Ribeiro,6
390,Isabella Castro,3
391,Esther Alves,10
392,Pedro Lucas Viana,3
393,Arthur das Neves,2
394,Daniela Gonçalves,5
395,Eloah Vieira,2
396,Maitê Dias,10
397,Evelyn Melo,4
398,Elisa Barros,10
399,Dr. Pedro Lucas da Rocha,9
400,Alícia Rocha,9
401,Natália Costela,3
402,Enzo Farias,2
403,Enzo Gabriel Cardoso,5
404,Raquel Nogueira,6
405,Melissa Barbosa,5
406,Bryan da Mota,7
407,Davi Luiz Lima,5
408,Sofia Santos,4
409,Gabriel das Neves,2
410,Isabella Nascimento,3
411,Alana Nunes,10
412,Maria Fernanda Porto,5
413,Esther Fernandes,6
414,Theo da Paz,9
415,Sra. Sophie Souza,9
416,Evelyn Ramos,3
417,Isadora da Mata,1
418,Dra. Maysa Campos,4
419,João Lucas Lima,9
420,Lívia Martins,10
421,Sabrina da Mota,5
422,Sr. Gustavo Henrique Costa,2
423,Heitor Teixeira,8
424,Ryan da Mota,1
425,Dr. Matheus das Neves,7
426,Francisco Moreira,6
427,Kaique Martins,3
428,Daniela Castro,9
429,Daniela Viana,10
430,Maria Eduarda da Mota,1
431,Pedro Lucas Caldeira,3
432,Eduardo Caldeira,5
433,Rodrigo Monteiro,2
434,Lívia Moura,2
435,Vinicius Gomes,5
436,Maria Eduarda Azevedo,10
437,Alana Campos,7
438,Maitê Nascimento,8
439,Noah Moreira,10
440,Pedro Lucas Oliveira,7
441,Dra. Lavínia Lopes,7
442,Sr. Pedro Moraes,8
443,Sr. Lucca Costela,4
444,Maria Sophia Teixeira,6
445,Sr. Renan Rodrigues,6
446,Thiago Azevedo,1
447,Laís da Cunha,5
448,Ryan da Rocha,10
449,Lucca Silveira,2
450,Beatriz Barbosa,9
451,Luiz Otávio Almeida,9
452,Mariane Santos,2
453,Lara da Costa,5
454,Sra. Gabrielly da Luz,10
455,Pietro Barros,2
456,Ana Luiza Farias,9
457,Larissa Almeida,9
458,Rodrigo Oliveira,8
459,Sabrina Nunes,3
460,Emanuel Moraes,9
461,Sra. Luana Viana,9
462,Sofia Dias,7
463,Maria Julia da Mota,1
464,Vitor Gabriel da Mota,3
465,Dra. Beatriz Mendes,8
466,Luna Rocha,6
467,Dr. João da Costa,8
468,Sr. Gustavo Teixeira,9
469,Alexia da Conceição,6
470,Pedro Jesus,10
471,Maria Fernanda Pires,6
472,Julia Fernandes,1
473,Alana Moreira,8
474,Rafael Barros,6
475,Maitê Gonçalves,6
476,Vicente Peixoto,5
477,Ana Vitória Gonçalves,8
478,Gabriel Fogaça,1
479,Manuela Souza,5
480,Gustavo Ferreira,3
481,Ana Beatriz da Cunha,9
482,Eduarda Gonçalves,10
483,Letícia Campos,8
484,Bryan Santos,1
485,Henrique Melo,9
486,Elisa Ramos,7
487,João Guilherme Mendes,7
488,Srta. Ana Luiza Barbosa,10
489,Ana Vitória Fernandes,5
490,Vicente Martins,10
491,João Guilherme Novaes,9
492,Vicente Alves,8
493,Cauã Rodrigues,8
494,Vitor Ribeiro,5
495,Sr. Joaquim Melo,6
496,Lara Cardoso,6
497,Sra. Maysa Gomes,7
498,Leandro Costa,2
499,Sra. Gabriela da Rosa,3
500,Ana Vitória Barros,4
