id_cliente,nome_cliente,email,endereco_cliente,estado
1,Maria Julia Moura,daniel89@ig.com.br,"Praa de Rezende, Santo Antnio, 71185-872 Arago Verde / RN",DF
2,Sr. Pedro Lucas Pereira,fmendes@nogueira.br,"rea Brenda Monteiro, 43, Vila Betnia, 21583733 Arajo / AP",SP
3,Vitor Hugo Nunes,da-costaana-beatriz@martins.br,"Parque de Mendes, 5, Vila Rica, 38822-004 Correia Paulista / RJ",DF
4,Andr Castro,leonardoalmeida@nascimento.br,"Colnia da Costa, 716, Itaipu, 16641-209 Castro / AP",SC
5,Rafaela Mendes,kamillyazevedo@silva.br,"Alameda de Castro, 130, Nossa Senhora Aparecida, 58603-370 Correia / CE",PE
6,Leandro Barros,lavinia95@caldeira.net,"Quadra da Rosa, 760, Vila Paris, 14258809 Costa Grande / RO",DF
7,Lvia Correia,igor07@cardoso.net,"Praia Alves, 28, Xangri-L, 36342155 Gomes da Praia / TO",CE
8,Luiz Gustavo da Mota,hda-cruz@campos.br,"Ladeira Emanuelly Peixoto, Hava, 81648-124 Cavalcanti Verde / DF",PR
9,Lucca Cunha,alicia39@ig.com.br,"Trecho de Freitas, 5, Vila Piratininga Venda Nova, 34687214 Martins dos Dourados / RR",RJ
10,Leonardo Dias,ribeirofrancisco@bol.com.br,"Viaduto Igor Campos, 18, Olhos D'gua, 94374215 Gomes de Ramos / MS",PR
11,Gabrielly Santos,gomesana-julia@moreira.com,"Passarela Leonardo da Paz, 50, Vila Nossa Senhora Do Rosrio, 39630867 Carvalho / BA",CE
12,Daniela Teixeira,luccasilva@moraes.br,"Stio de da Cruz, 96, Vila Da Paz, 08000831 Santos / BA",RS
13,Eduardo Campos,stellapeixoto@yahoo.com.br,"Praia de Porto, 2, Dom Silverio, 46932-992 Martins da Mata / AM",MG
14,Eduarda Ramos,emoura@hotmail.com,"Passarela Viana, 11, Jardim Felicidade, 88369-802 Viana da Mata / RR",CE
15,Matheus Ferreira,da-pazcaua@alves.org,"Conjunto Brbara Pinto, 9, Vila Mangueiras, 89617-110 Nogueira / RJ",RJ
16,Cau da Luz,martinsana-livia@lopes.com,"Viela da Rosa, 66, Nazare, 57827751 Martins da Prata / RN",CE
17,Daniela Teixeira,vinicius19@moura.com,"Recanto da Conceio, 54, Unidas, 93333142 Alves de Rocha / MG",MG
18,Bryan da Mata,yviana@bol.com.br,"Viaduto Agatha Novaes, Mala E Cuia, 60647-145 Moraes de Arajo / MA",BA
19,Eduarda Barbosa,renannascimento@correia.com,"Lagoa de Farias, 73, Santa Branca, 28228-062 da Mota da Prata / RO",CE
20,Pedro Porto,cecilia66@fogaca.br,"Aeroporto de Nascimento, Unidas, 70956773 Caldeira / BA",CE
21,Ana Julia Martins,brenodas-neves@ig.com.br,"Recanto Helena Viana, 7, Vila So Gabriel Jacui, 10874-247 Sales / AM",BA
22,Luiz Felipe Peixoto,davi-lucas35@araujo.com,"Condomnio de das Neves, 77, Grota, 34115-057 Cavalcanti / RR",RJ
23,Srta. Isis Mendes,ida-rocha@gmail.com,"Ncleo Ana Julia Lopes, 62, Cdi Jatoba, 91159480 da Conceio / CE",PR
24,Sofia Cardoso,nascimentostella@da.com,"Vale Azevedo, 873, Vila Pinho, 63198797 Pinto / PE",RS
25,Emanuelly Mendes,ssales@caldeira.com,"Esplanada Lima, 1, So Pedro, 58741779 Azevedo / ES",RS
26,Letcia Nogueira,sferreira@uol.com.br,"Stio de Souza, Esperana, 59108142 Azevedo / RR",PR
27,Joo Miguel Barros,enzo44@ig.com.br,"Vereda Silveira, Juliana, 11063847 Teixeira / SC",PR
28,Elisa Correia,cda-cunha@freitas.com,"Ladeira Pires, 4, Nossa Senhora De Ftima, 59998-383 Pereira do Norte / SE",PR
29,Agatha Oliveira,da-conceicaojoao-miguel@bol.com.br,"Loteamento Gomes, 20, So Salvador, 02127-359 da Rosa do Norte / AM",SC
30,Bryan Duarte,piresthales@da.br,"Chcara Stella Lopes, 87, So Gonalo, 72422-542 Duarte / MA",RS
31,Luana Carvalho,bbarros@castro.com,"Chcara Peixoto, 8, Branas, 06011911 Almeida / BA",DF
32,Melissa da Rosa,rafaeldas-neves@bol.com.br,"Quadra Maria Clara Costela, 21, Marieta 2 Seo, 03984-534 Dias de da Costa / PI",CE
33,Joo Pedro Gomes,zcorreia@ig.com.br,"Feira Nascimento, 7, Bonfim, 94958500 Moraes do Campo / AC",PE
34,Ana Luiza Santos,rodrigueseloah@gmail.com,"Ptio Lima, 61, Vila So Gabriel Jacui, 49990684 Gonalves / SP",CE
35,Andr Silva,carlos-eduardofernandes@vieira.com,"Campo de Monteiro, Jardim So Jos, 66817-633 Arago / DF",SP
36,Francisco Martins,nuneslavinia@lima.br,"Stio Lopes, 97, Cruzeiro, 75587-730 Arajo / AC",RJ
37,Ana Pires,rodriguesleonardo@da.br,"Condomnio Silva, 33, Universitrio, 52838808 Jesus de Martins / MA",PR
38,Maria Vitria Jesus,rafaelmartins@yahoo.com.br,"Estao de Martins, 2, Graja, 45457-308 Martins / MA",PE
39,Lucas Carvalho,camposcecilia@uol.com.br,"Esplanada Santos, 6, Nova Pampulha, 83439384 da Rosa de Fogaa / BA",RS
40,Ceclia Nunes,joaobarros@ig.com.br,"Praia Souza, 10, Indai, 25513480 Fogaa do Sul / PI",DF
41,Luiza Gonalves,ofernandes@gmail.com,"Condomnio Raul Carvalho, Alpio De Melo, 21347-555 Silva / DF",DF
42,Natlia Ribeiro,moreiracarolina@da.br,"Loteamento de Costa, 10, Nova Gameleira, 40131-040 Sales de Cardoso / RR",RS
43,Lara Rodrigues,alexandre20@uol.com.br,"Favela de Campos, 4, Novo Tupi, 05000874 Vieira / TO",SP
44,Sophie Gonalves,sophia74@gmail.com,"Praia da Luz, 15, Corumbiara, 94082548 Martins / AL",PR
45,Theo Ramos,carolinamoraes@ig.com.br,"Alameda de Rezende, 813, Buritis, 61323050 Alves do Oeste / PB",BA
46,Juliana Silva,matheuslopes@gmail.com,"Avenida Gomes, 778, So Jorge 3 Seo, 70574784 Gomes de Cardoso / SP",RJ
47,Emanuel Nascimento,ypires@bol.com.br,"Largo Nascimento, 5, Vila Da Amizade, 42248-379 Sales da Praia / SP",BA
48,Pedro Miguel Jesus,novaesjoao@porto.br,"Rodovia da Paz, Mantiqueira, 00113-158 da Costa / AP",SC
49,Natlia Pires,alvesjoao-miguel@duarte.br,"Aeroporto de Cardoso, 10, Jardim Guanabara, 71061171 Rocha / RR",CE
50,Dr. Raul Ribeiro,roliveira@peixoto.org,"Setor Caroline Ribeiro, 47, Bairro Das Indstrias Ii, 78809566 Silveira / AL",SC
51,Mait Porto,biancanunes@ig.com.br,"Praa de da Cunha, 43, Palmeiras, 59159-283 da Mota / PE",SP
52,Lavnia Freitas,almeidaluiz-miguel@almeida.com,"Trevo Maria Teixeira, 58, Aeroporto, 91421-744 Campos Verde / TO",CE
53,Luiz Felipe Freitas,juan58@hotmail.com,"Setor de Porto, 480, Embabas, 11676119 Santos da Prata / AP",PR
54,Rafaela Mendes,joao-miguel48@bol.com.br,"Residencial Isabella Pires, Colgio Batista, 85023-605 Nunes Verde / AL",CE
55,Isabelly Almeida,helena60@bol.com.br,"Estao Porto, 12, Garas, 77649036 Lopes / PA",CE
56,Bryan Silveira,ogomes@aragao.br,"Campo Giovanna Silva, 32, Mantiqueira, 99664-332 Costa / PB",PE
57,Vitria Pinto,olivia44@uol.com.br,"Rua Porto, 51, Vila Dos Anjos, 57974-839 Castro Paulista / AP",PE
58,Sra. Helena Peixoto,xfarias@lopes.com,"Conjunto Pinto, 1, Xodo-Marize, 80601619 Teixeira / PE",SP
59,Pedro Henrique Sales,gmoreira@gmail.com,"Estrada de Cardoso, 45, Lindia, 57479551 Melo / AL",SC
60,Juliana Moura,alana94@rocha.br,"Trevo de Duarte, 601, So Vicente, 69792116 Melo / AC",RS
61,Sophia da Rocha,joao-gabrielcaldeira@hotmail.com,"Rodovia de Farias, 381, Bandeirantes, 54262-828 Melo das Pedras / SE",PR
62,Dr. Raul Barbosa,leandro89@yahoo.com.br,"Feira Lopes, 2, So Benedito, 37623-440 Viana / RS",CE
63,Davi Barbosa,helenadas-neves@monteiro.br,"Estrada de Costa, 69, Biquinhas, 82157237 Teixeira do Amparo / RR",RJ
64,Vitor Hugo da Rocha,gomesluna@ig.com.br,"Largo de das Neves, 83, pia, 08858963 Souza / RO",RJ
65,Ana Beatriz Moura,luiz-otavio12@uol.com.br,"Vila Nunes, 8, Vila Petropolis, 04975867 Monteiro / CE",MG
66,Gustavo Henrique Cunha,gabrielrezende@gmail.com,"Stio de da Cruz, 4, Sport Club, 68199-080 Silva / PB",CE
67,Evelyn Nogueira,mirellacardoso@yahoo.com.br,"Ladeira Castro, 72, Buraco Quente, 63974046 Porto / RS",CE
68,Sra. Melissa Pires,hmoura@gmail.com,"Loteamento Rebeca Viana, 10, Satelite, 97214344 Fernandes / MT",SP
69,Srta. Fernanda Caldeira,joao-guilhermerodrigues@jesus.br,"Praa de Peixoto, 857, Alto Vera Cruz, 38269705 Silva de da Paz / TO",RJ
70,Paulo Oliveira,ifernandes@barbosa.br,"Praia Arago, Alta Tenso 1 Seo, 20782-304 Sales / AL",RS
71,Las da Mota,ymoraes@lima.br,"Stio de Freitas, 92, Vila Dos Anjos, 48485096 Costela Paulista / BA",RS
72,Cau Vieira,caldeirasofia@cunha.br,"Setor de Lima, 851, Cenaculo, 34226851 Cavalcanti / CE",BA
73,Marcos Vinicius Almeida,cardosoyasmin@rocha.org,"Distrito Thomas Teixeira, 799, Vila Ecolgica, 53820019 Souza Alegre / MS",RJ
74,Ian Melo,davi-lucassouza@farias.net,"Favela Luigi Cardoso, 18, Nossa Senhora Do Rosrio, 35779-420 da Rocha / PA",RS
75,Pedro Lucas Sales,ana-julia34@farias.br,"Feira Raquel Carvalho, 10, Nova Sua, 78477-216 Almeida Paulista / RO",CE
76,Thomas Cavalcanti,augusto81@pinto.br,"Rua Caldeira, Pongelupe, 04919001 Ribeiro das Pedras / MG",BA
77,Sra. Raquel Almeida,lorenada-rosa@uol.com.br,"Viaduto de Vieira, 20, Alto Barroca, 54915-587 Novaes / MG",RJ
78,Sophia Fogaa,heloisaalmeida@rezende.com,"Estao de Cunha, 62, Comiteco, 01980-199 da Conceio / PE",MG
79,Milena Melo,isabel61@fogaca.org,"Vereda Danilo Nunes, So Gonalo, 76905-201 Dias da Serra / PB",SP
80,Igor Silva,peixotocatarina@gmail.com,"Recanto Gomes, Pongelupe, 22393015 da Paz / PI",PE
81,Brenda Nunes,afarias@alves.net,"Ladeira Enzo Cardoso, 121, Barro Preto, 51167-112 Teixeira / MG",PR
82,Brenda Costa,anovaes@hotmail.com,"Praia Cau Pinto, 71, Estrela, 01161326 Cardoso do Oeste / PA",SP
83,Sr. Pedro Henrique Costela,tnovaes@melo.org,"Largo Isis Arago, 287, Laranjeiras, 30569288 Fernandes de Minas / MT",RJ
84,Davi Luiz Santos,marcelapinto@ig.com.br,"Trecho Joo Felipe Costa, Penha, 66418-368 Nascimento do Campo / PB",RJ
85,Clara Cardoso,ana-lauraoliveira@nunes.com,"Distrito de Silveira, 12, Aaro Reis, 53147084 Souza de da Rosa / PE",SP
86,Ana Carolina Cunha,davi24@da.br,"Recanto Enzo Gabriel Oliveira, 547, Das Industrias I, 26378844 Jesus / MG",MG
87,Maria Julia Costa,cunharaul@yahoo.com.br,"Morro Nogueira, 9, Vera Cruz, 77214169 Costela do Galho / RJ",SC
88,Murilo Ramos,yuri27@hotmail.com,"Lagoa de Santos, 69, Ipe, 89974494 Moreira / MS",CE
89,Sr. Breno Correia,diogolopes@bol.com.br,"Rua Pires, 86, Vila Hava, 33761669 Pinto / AL",RJ
90,Benjamin da Luz,xcunha@uol.com.br,"Stio de da Conceio, 7, Vila So Geraldo, 51211531 Costa do Oeste / PB",DF
91,Andr Viana,vianathomas@ig.com.br,"Via de Alves, Jardim Amrica, 07226937 Vieira de Lima / MA",RS
92,Dr. Juan Costa,souzabianca@araujo.net,"Largo Cunha, Pedreira Padro Lopes, 92030-418 Lopes / PR",SC
93,Mariana Nogueira,santosjoao-gabriel@rocha.org,"Quadra Catarina Rezende, 89, Santa Sofia, 86420813 Farias do Norte / MG",BA
94,Sr. Raul Vieira,vitoria62@martins.com,"Esplanada de Farias, 96, Nova Floresta, 02099404 da Conceio dos Dourados / CE",BA
95,Vitor Hugo Gonalves,fariasdiogo@uol.com.br,"Viaduto de Barros, 1, So Vicente, 16405629 Rodrigues / TO",PE
96,Luiz Fernando Freitas,balmeida@ramos.com,"Distrito Joo Gabriel Costa, 6, Acaiaca, 06866-021 Silveira / SC",BA
97,Bianca da Conceio,joaquimdias@hotmail.com,"Quadra Ana Lvia Silveira, 76, Vila Mangueiras, 36773-005 Carvalho / RR",BA
98,Davi Lucas Azevedo,laura87@uol.com.br,"Avenida Ana Carolina Moraes, 44, Conjunto Floramar, 48999-575 da Rosa / PA",PR
99,Mirella Oliveira,wda-rosa@da.org,"Chcara Maysa Azevedo, Vila Mantiqueira, 59746-291 Pires / GO",SP
100,Pedro Henrique Novaes,ribeirocaue@martins.br,"Condomnio Teixeira, 65, Trevo, 07756-262 da Rosa de da Mata / MT",BA
101,Anthony Ferreira,caldeiragabriel@ig.com.br,"Setor Maria Costela, 879, Rio Branco, 27931-495 Correia Alegre / AP",RJ
102,Andr Fernandes,barrospedro@moraes.com,"Parque Joo Pedro Barros, 854, Beira Linha, 69788457 Caldeira / AC",CE
103,Leandro Castro,cunhaalexandre@bol.com.br,"Vale de Sales, 823, Vila Aeroporto Jaragu, 29594-300 Lima da Prata / RN",SP
104,Enrico Barbosa,pcardoso@rodrigues.com,"rea de Martins, 607, Embabas, 00815924 Jesus de Cardoso / DF",DF
105,Alice Viana,diasvicente@yahoo.com.br,"Stio de Moraes, 27, So Vicente, 77200-655 Freitas das Pedras / MT",RJ
106,Natlia Moura,nicolascostela@duarte.com,"Recanto de Duarte, 52, Santa Cruz, 93806-868 da Costa / MS",DF
107,Caio Moura,piresmaria-fernanda@bol.com.br,"Vila Alexandre da Mata, 85, Buraco Quente, 05001-821 Caldeira / DF",SP
108,Mariane Gonalves,duartelara@ig.com.br,"rea Yago Fernandes, 489, Senhor Dos Passos, 74463-961 Vieira do Oeste / CE",RJ
109,Raquel Souza,ana-carolina45@gmail.com,"Jardim Maria Eduarda Fogaa, 3, Vila Real 2 Seo, 00207188 Lima / PI",PR
110,Gabriel Silva,castroluiz-felipe@uol.com.br,"Campo Almeida, 26, So Salvador, 69755-965 Peixoto de da Costa / RS",CE
111,Mait Sales,joao-vitormelo@ig.com.br,"Vale de Barros, Castelo, 71311787 Costa de Campos / SE",RJ
112,Luiz Otvio Rodrigues,alexia70@yahoo.com.br,"Vereda Arajo, 22, Das Industrias I, 38606182 da Rosa / RJ",SC
113,Mariana Teixeira,sophiebarbosa@hotmail.com,"Lagoa da Rocha, Dom Bosco, 37545745 Martins da Praia / BA",SC
114,Sra. Lara Dias,danieljesus@melo.br,"Fazenda Sarah Azevedo, 862, Senhor Dos Passos, 60786820 Novaes da Mata / MS",DF
115,Eloah Duarte,sophie08@uol.com.br,"Distrito de Nascimento, So Gonalo, 69383153 Rocha da Praia / MG",RJ
116,Vitor Hugo Cunha,vitor-hugoda-rocha@freitas.br,"Stio Yasmin Barbosa, 9, Vila So Joo Batista, 93470-765 Cunha / PR",SC
117,Dr. Lucas Farias,bbarros@castro.br,"Campo da Paz, 226, Estrela Do Oriente, 55846-787 Martins / ES",PE
118,Laura Oliveira,da-matadavi@sales.br,"Ncleo Cavalcanti, 58, Jardim Leblon, 58916-789 Costela / PB",BA
119,Joo Guilherme Caldeira,da-pazlevi@yahoo.com.br,"Avenida Caroline Pires, Alto Barroca, 18772181 Campos / AC",BA
120,Alice Correia,matheus09@hotmail.com,"Parque Murilo Pinto, 761, Conjunto Jardim Filadlfia, 20125-542 Melo / MT",SP
121,Lucas Gabriel Peixoto,araujovicente@bol.com.br,"Fazenda de Melo, 1, pia, 89748414 Peixoto do Oeste / RJ",PE
122,Joo Miguel Farias,alexiafarias@yahoo.com.br,"Lagoa Castro, 22, Vila Paraso, 32640-339 Ramos Grande / RR",MG
123,Luiz Fernando Costa,nascimentoemanuel@uol.com.br,"Setor Marina Rezende, 423, Distrito Industrial Do Jatoba, 83893-903 Correia do Amparo / PE",CE
124,Maria Julia Porto,yasminmoraes@gmail.com,"Esplanada Maria Alice Teixeira, 853, Bom Jesus, 37350081 Moreira / MA",RS
125,Benjamin Martins,eduardo98@da.net,"Trecho de Alves, 70, Vila Barragem Santa Lcia, 19158129 da Luz das Flores / SP",MG
126,Dra. Evelyn Fogaa,araujoleandro@aragao.com,"Viela Pereira, 16, Cu Azul, 76351674 Melo / PB",BA
127,Sr. Levi da Mata,pda-cunha@uol.com.br,"Quadra de Lima, 75, Belmonte, 58893-086 Freitas de Cunha / PI",CE
128,Gustavo Azevedo,da-cunhathiago@ig.com.br,"Vereda Peixoto, 35, Jardim So Jos, 70877-615 Moraes das Pedras / PI",SC
129,Isabelly Ramos,caldeiraisaac@cunha.br,"Trevo de das Neves, Vila Satlite, 42510708 Lima de Cavalcanti / MS",MG
130,Diego Fernandes,da-conceicaonoah@uol.com.br,"Rodovia de Sales, 62, Maravilha, 08503-240 Cavalcanti de Minas / RJ",SC
131,Srta. Isabel Ramos,carolineda-paz@gmail.com,"Chcara de Lima, 39, Vila Piratininga, 22167-902 Vieira / ES",PR
132,Lucca Rodrigues,miguel48@bol.com.br,"Esplanada Letcia da Cunha, 83, Boa Esperana, 20366845 Rodrigues do Sul / SC",SP
133,Sra. Raquel Arajo,ramospietro@azevedo.com,"Estao de Santos, 2, Pongelupe, 96817-444 da Rocha / ES",CE
134,Dr. Pietro da Mota,da-costaana-julia@cardoso.com,"Trecho Sarah Martins, 54, Vila Pilar, 45896688 Dias de Minas / MA",CE
135,Maria Eduarda Arago,yagocostela@moreira.net,"Viela de Moraes, 72, Vila Coqueiral, 12051-834 Moraes Grande / TO",MG
136,Ana Laura Almeida,sabrina59@novaes.br,"rea Diego Fogaa, Camargos, 21534178 Peixoto da Serra / MS",RJ
137,Lara Pires,benicioteixeira@nascimento.com,"Colnia de da Mata, Conjunto Califrnia I, 82939221 Moura / GO",SP
138,Fernando Silva,rsales@ig.com.br,"Parque Matheus da Costa, 70, Vila Mangueiras, 71015-616 da Cruz de Gois / RS",SP
139,Dr. Thiago Campos,dviana@bol.com.br,"Trecho Ana Lvia Cardoso, 30, Vila Olhos D'gua, 45253-884 Alves / DF",DF
140,Arthur Pinto,mirellasales@porto.br,"Condomnio Murilo Novaes, 85, Distrito Industrial Do Jatoba, 83476-492 Silveira do Amparo / AM",DF
141,Pedro Miguel Correia,castrolaura@da.org,"Jardim Monteiro, 621, Xodo-Marize, 42771-850 da Rosa de Gois / CE",BA
142,Isis Cunha,kcaldeira@yahoo.com.br,"Rua Ramos, 93, Engenho Nogueira, 72978845 Ramos de Gois / MT",CE
143,Gabriel da Cunha,lucas23@azevedo.br,"Lagoa de Silva, 76, Senhor Dos Passos, 09373586 da Costa / SC",CE
144,Giovanna Rodrigues,mariana90@nunes.net,"Avenida de da Mata, 38, Heliopolis, 87231-916 Ferreira de da Mota / RR",RJ
145,Diego Costela,emanuellafreitas@yahoo.com.br,"Viela de Ferreira, Gameleira, 64218-300 Freitas do Campo / AL",SC
146,Dr. Antnio Rezende,mendesmarina@ig.com.br,"rea Leonardo Rodrigues, 1, Barro Preto, 18068-931 da Conceio do Galho / MS",RS
147,Dr. Yuri Arajo,cardosovitor-gabriel@pinto.net,"Travessa de Azevedo, 46, Leonina, 89905766 da Cunha do Sul / RS",PR
148,Benjamin Pereira,dnovaes@da.net,"Distrito de Castro, 65, Fazendinha, 22225-148 Campos do Sul / BA",RS
149,Alexandre Costa,kaique58@costela.com,"Estao Augusto Gomes, Aguas Claras, 49905-245 Lopes / PI",BA
150,Maysa Sales,vieiracamila@das.com,"Ptio de Arago, 56, Centro, 80879074 da Rosa / PA",CE
151,Brbara Peixoto,enricoda-conceicao@bol.com.br,"Favela Porto, 78, Tirol, 71488150 Teixeira / RS",MG
152,Carlos Eduardo Carvalho,melissa34@pinto.br,"Viela de Sales, 81, Outro, 18476988 Costela / PR",MG
153,Stella Ribeiro,umoura@yahoo.com.br,"Estao de Rezende, 38, Providencia, 65983-146 Farias / MA",MG
154,Vinicius Nascimento,moreirajoao-gabriel@cunha.br,"Jardim Giovanna Viana, 16, Conjunto Novo Dom Bosco, 46563-440 Duarte dos Dourados / MG",RS
155,Ana Luiza Novaes,rnascimento@da.org,"Ptio Luigi Fogaa, 93, Varzea Da Palma, 98686-950 da Rosa de Minas / MA",DF
156,Daniela Melo,maria-vitoria22@barros.com,"Morro Pietra Peixoto, 1, Gutierrez, 58650398 Mendes das Pedras / RJ",SC
157,Natlia Lopes,augusto30@melo.br,"Ptio da Cruz, 80, Novo Ouro Preto, 96426-426 Almeida / BA",RS
158,Brenda Ramos,rochamariana@gomes.com,"Avenida Peixoto, 36, Nova Vista, 83146-145 Nunes / CE",RJ
159,Vitor Hugo Cunha,silvapietra@uol.com.br,"Estrada de Barros, 15, Pindura Saia, 51322-928 da Paz do Norte / PR",MG
160,Caio Melo,wvieira@rezende.com,"rea Moreira, 77, Outro, 12156213 da Rosa de Gomes / AL",DF
161,Natlia Costela,teixeiralarissa@ig.com.br,"Campo de Silva, 56, Barreiro, 45973754 Nascimento de da Luz / AC",SP
162,Gabriela Teixeira,ana-vitoria26@pinto.br,"Rodovia de Viana, Centro, 32866777 Freitas / AC",CE
163,Srta. Luana Monteiro,davi-lucas70@yahoo.com.br,"Aeroporto Pedro Lucas Ramos, 72, So Jorge 3 Seo, 79897174 Ribeiro de Nascimento / TO",PE
164,Maria Sophia da Mota,maria-eduarda50@bol.com.br,"Praa Maria Clara da Cunha, 18, Vila Copasa, 75236-267 Fogaa da Praia / BA",CE
165,Dr. Paulo Dias,oviana@jesus.net,"Via Gonalves, 47, Santa Isabel, 52282009 da Paz das Flores / BA",RJ
166,Sr. Danilo das Neves,miguelmelo@alves.com,"Viela Gomes, 795, Nova Cachoeirinha, 63025-851 Moraes / AM",SC
167,Giovanna das Neves,pedro-henriquecaldeira@martins.net,"Parque Benjamin Lopes, 99, Jardim Alvorada, 27622421 Arago / ES",RJ
168,Eloah Farias,wda-costa@da.br,"Aeroporto de Peixoto, 15, Ferno Dias, 68751499 Novaes / AC",SC
169,Ana Luiza Jesus,luiz-gustavo50@gmail.com,"Vila de Duarte, 5, Vila So Rafael, 34964732 Moura / SC",RJ
170,Fernanda Fernandes,marcelo75@nogueira.br,"Chcara da Rocha, 24, Palmeiras, 22079-345 da Costa do Sul / SC",RS
171,Maria Sophia Campos,rebecamelo@ribeiro.org,"Largo Ana Carolina Pereira, 96, Marilandia, 63361-894 Barbosa de Cardoso / SC",DF
172,Vitor Gabriel Martins,sophia73@da.org,"Rua de Santos, 305, Vila Jardim So Jos, 22131286 Costela / AM",PE
173,Sra. Lorena Castro,fogacaluigi@cardoso.net,"Quadra de Pereira, 90, Jaragu, 51809169 Souza Paulista / AC",PR
174,Enzo Gabriel Barros,tda-rocha@moura.br,"Largo Vitor Nunes, Vila Rica, 41187-653 Cardoso da Prata / PB",PR
175,Alice Souza,lrodrigues@gmail.com,"Praia Caldeira, 92, Jardim Alvorada, 98547-316 Cunha / MS",MG
176,Marcela Monteiro,henrique66@bol.com.br,"Passarela de da Mata, 5, Madri, 56203198 Freitas do Sul / AM",RS
177,Mirella Nascimento,mcardoso@alves.com,"Lago de Nascimento, 694, So Lucas, 27526-302 Viana do Galho / RO",RJ
178,Rebeca da Luz,nicolealves@bol.com.br,"Passarela Rezende, 9, Vila Fumec, 95298631 Azevedo Grande / GO",SC
179,Joo Guilherme Teixeira,hda-luz@yahoo.com.br,"Trecho de Silva, 978, Nossa Senhora Aparecida, 27117830 da Luz / AP",DF
180,Maria Ceclia Cardoso,diegopeixoto@ramos.br,"Loteamento Francisco da Cunha, 65, Boa Viagem, 54606576 Novaes de Gonalves / RO",RJ
181,Gustavo Henrique Rodrigues,nogueiraandre@ig.com.br,"Praia Pedro Pires, Acaiaca, 39059595 Rocha Verde / MT",RS
182,Raquel Azevedo,nataliamoura@cavalcanti.br,"Stio de da Cunha, 52, Pongelupe, 12082897 Costa / RS",PR
183,Daniel Castro,alvesthales@fogaca.br,"Favela de da Paz, 522, Joo Paulo Ii, 83320398 da Luz de da Rosa / SC",PE
184,Davi Lucca Dias,barbosasabrina@bol.com.br,"Aeroporto de Lima, 931, Bairro Das Indstrias Ii, 35851280 Ramos do Campo / GO",PE
185,Daniela da Cruz,hnovaes@uol.com.br,"Vereda Rodrigues, 5, Cnego Pinheiro 1 Seo, 01362884 Cunha de Moreira / PB",PR
186,Gustavo Henrique Barros,freitasluiz-henrique@uol.com.br,"Travessa de Azevedo, 101, Unio, 26700-447 Arago dos Dourados / RJ",DF
187,Joana Silveira,ribeiroluna@yahoo.com.br,"Distrito Felipe Rodrigues, 83, Mariquinhas, 52938-273 Costela / TO",SC
188,Valentina Gomes,sdas-neves@yahoo.com.br,"Trecho de Cardoso, 11, Cnego Pinheiro 1 Seo, 94634436 Silva Grande / PB",DF
189,Dr. Heitor Barros,silveiraheloisa@bol.com.br,"Avenida Sales, 77, Vila Califrnia, 04876-146 Silveira de Minas / RO",MG
190,Dr. Luigi Moreira,emanuellima@gmail.com,"Rua Davi Lucca Melo, Grota, 50129689 Costela / RN",DF
191,Breno Nascimento,ccorreia@hotmail.com,"Stio da Rosa, 9, Vila Independencia 2 Seo, 92922310 Farias da Prata / ES",DF
192,Srta. Eduarda Arajo,xfernandes@gomes.net,"Lagoa de da Rosa, 12, Pongelupe, 83560-055 Arajo do Campo / PR",PR
193,Lara Pinto,mdias@ig.com.br,"Trevo Novaes, 53, Vila Madre Gertrudes 3 Seo, 00838-659 Nogueira / AC",PR
194,Srta. Yasmin Nogueira,psouza@uol.com.br,"Passarela Brenda Carvalho, 275, So Jorge 1 Seo, 82907-291 Freitas Paulista / RS",BA
195,Ana Sophia Peixoto,lsilveira@hotmail.com,"Alameda de Barros, 52, Vila De S, 97604-058 Gomes do Campo / AC",MG
196,Sr. Leandro Lima,erick16@silva.br,"Distrito Correia, 53, Pirineus, 94637308 da Rosa de Gonalves / MS",SP
197,Gustavo Henrique Viana,gramos@da.br,"Alameda Emilly da Costa, 70, Santa Efignia, 04043848 Lopes Alegre / AC",PR
198,Dra. Isadora Cardoso,da-luzgiovanna@castro.com,"Campo de Azevedo, 2, Castelo, 87556-338 Lopes / ES",RS
199,Valentina Gomes,rodrigo17@ig.com.br,"Stio Carvalho, 73, Granja Werneck, 56939425 Dias da Mata / SE",RS
200,Luiz Gustavo Pinto,araujolais@pinto.net,"Ncleo da Mata, 3, Carmo, 64094-878 Ramos do Galho / PI",BA
201,Joo Farias,juan08@martins.com,"Viela Teixeira, 8, Boa Unio 2 Seo, 64936-883 Campos / AP",SC
202,Ana Gonalves,maria-clara04@duarte.net,"Estao de Porto, 288, Copacabana, 77455-249 Melo do Sul / RJ",PR
203,Lucca Souza,viniciusda-rocha@novaes.net,"Ladeira Maria Vitria Mendes, 169, Atila De Paiva, 42178-851 Sales Alegre / RJ",MG
204,Lara Santos,teixeirajoaquim@hotmail.com,"Viaduto Rebeca Arago, 32, Acaiaca, 22032565 Castro de Minas / RN",PR
205,Pedro da Rocha,barrosfernanda@santos.com,"Praia da Mata, 46, Mineiro, 05259-267 da Cunha do Amparo / PE",PE
206,Maria Julia Arago,alexia56@hotmail.com,"Aeroporto Nogueira, Vista Do Sol, 93788020 da Mata / AM",PE
207,Luna Pires,luiz-henrique77@ig.com.br,"Via Bencio Barros, 78, Prado, 85983760 Cardoso da Serra / RO",PE
208,Breno Rodrigues,viananathan@gmail.com,"Chcara Pedro Viana, 73, Comiteco, 55543237 Cavalcanti de Gonalves / RJ",PR
209,Kaique Farias,joao-vitorcastro@bol.com.br,"Quadra de Santos, 58, Vila Suzana Segunda Seo, 51502-245 Nascimento / AC",SC
210,Juliana Rezende,kfernandes@novaes.br,"Estao Arajo, 58, Beira Linha, 14011-024 Oliveira de Gomes / SC",PE
211,Brbara Cavalcanti,bda-mota@ferreira.com,"Ptio Eduarda Fogaa, 68, Conjunto Santa Maria, 16482-144 Alves / AC",CE
212,Joana Ribeiro,zda-cunha@bol.com.br,"Viaduto Bruna Pinto, 85, Comiteco, 05713-581 Rezende / CE",RJ
213,Lavnia Castro,icorreia@da.br,"Jardim Maria da Luz, 33, Vila Das Oliveiras, 17742740 Peixoto / PR",MG
214,Srta. Brbara Mendes,maysa31@ig.com.br,"Lago Santos, 3, Vila Santo Antnio, 25387-597 Lopes de Viana / SP",DF
215,Ana Vitria Fernandes,nina51@cunha.br,"Praa de Silveira, 25, Alpio De Melo, 32733-316 Fogaa / MG",RJ
216,Kamilly Nunes,rebeca44@sales.net,"Conjunto Helena Correia, 27, Laranjeiras, 12831695 Freitas / SE",SC
217,Ana Beatriz Barbosa,luiz-otavioalves@ig.com.br,"Estao Gonalves, 2, Vila Sumar, 42102807 Azevedo / PI",MG
218,Elisa Cardoso,da-costajoao-guilherme@pinto.br,"Ncleo de da Mata, 898, Novo So Lucas, 34549839 Oliveira / BA",CE
219,Murilo Cardoso,cavalcantieduarda@silva.com,"Favela Pedro Lucas Martins, Vila Madre Gertrudes 3 Seo, 31530-580 Barbosa / RN",RS
220,Diego Barros,anacavalcanti@bol.com.br,"Morro Heitor da Rocha, 1, Santa Branca, 27498-285 Santos da Serra / AP",SC
221,Kevin Sales,isis37@hotmail.com,"Chcara de Rodrigues, 13, Mala E Cuia, 51690517 Farias Verde / PI",RJ
222,Dr. Breno Castro,luigicarvalho@yahoo.com.br,"Ladeira de Ramos, Vista Alegre, 60153-749 Moura / AL",RJ
223,Ana Jlia Melo,spinto@ramos.com,"Ladeira Cavalcanti, 385, Vila Canto Do Sabi, 88426843 Monteiro / SE",SP
224,Carolina Moreira,bda-costa@bol.com.br,"Fazenda de da Cruz, 792, Caiaras, 42878-002 Azevedo / AC",CE
225,Marina Nascimento,enzo-gabrieljesus@bol.com.br,"Favela de Duarte, 7, Dom Cabral, 49485472 Cavalcanti / RS",SP
226,Clara Pereira,ian73@yahoo.com.br,"Ladeira Alcia Pereira, 83, Vila Madre Gertrudes 2 Seo, 17916-557 Silva da Praia / RN",DF
227,Noah Moura,juliamoraes@hotmail.com,"Condomnio Melo, 79, Teixeira Dias, 32671-967 Ramos Paulista / BA",DF
228,Srta. Pietra Silva,camposmelissa@ig.com.br,"Fazenda Caldeira, 54, Vila Califrnia, 48295-670 Rodrigues / RR",BA
229,Juan da Cunha,costabrenda@gmail.com,"Loteamento da Cruz, Capito Eduardo, 80565413 Farias / MS",DF
230,Mirella Silveira,samuel39@pires.br,"Rodovia de Carvalho, 414, Nova Pampulha, 27930-133 Teixeira Verde / AC",RS
231,Anthony Gomes,leonardo75@lima.org,"Lago de Fogaa, 840, Renascena, 64432368 Silveira / PA",SP
232,Lorena Silva,mdias@novaes.br,"rea Sales, 18, Andiroba, 24193-346 Arago / MS",CE
233,Manuela da Conceio,caioazevedo@goncalves.com,"Alameda de da Conceio, Novo Tupi, 41043-090 Silva Grande / PI",SC
234,Stella Viana,marinanogueira@bol.com.br,"Rua de Melo, Ernesto Nascimento, 06138158 Oliveira de Rezende / RN",CE
235,Anthony das Neves,fernandada-mota@teixeira.org,"Alameda Isadora Fernandes, 187, Vila Hava, 86953-975 Rezende / RJ",CE
236,Maria Eduarda Vieira,nicolecastro@correia.net,"Feira Almeida, 85, Silveira, 77528-310 Sales / AL",PE
237,Joo Felipe Carvalho,nogueirabryan@cardoso.com,"Loteamento de das Neves, 231, Vila Barragem Santa Lcia, 41360248 da Cruz de Costa / CE",MG
238,Leandro Rodrigues,vitor-gabrielaraujo@gmail.com,"Trecho Cardoso, Betnia, 66154341 Cunha de Gois / PB",PR
239,Sra. Gabrielly Costela,benjamin88@bol.com.br,"Esplanada de Teixeira, 47, Minas Caixa, 33551281 Barros da Serra / RS",BA
240,Clarice Rocha,thiago57@bol.com.br,"Stio da Luz, 55, Conjunto Minas Caixa, 92876401 Barros / AP",RS
241,Luiz Fernando Carvalho,eloahalves@yahoo.com.br,"Vila de Melo, 63, Boa Unio 1 Seo, 36448655 Nogueira do Norte / PI",DF
242,Olivia Mendes,igor07@yahoo.com.br,"Lagoa Nathan da Mata, 9, Vila Esplanada, 70304010 Campos Paulista / PB",SC
243,Isabel Pinto,francisco73@hotmail.com,"Vereda Nicolas Moraes, 59, Grotinha, 79538239 Martins do Oeste / AL",MG
244,Benjamin Ramos,almeidamariane@gmail.com,"Morro de Lima, 7, Santa Branca, 99919652 Vieira de da Rocha / AL",PE
245,Dr. Anthony Arago,gabriel77@rezende.br,"Recanto de Almeida, Maria Goretti, 01313-549 Lopes Paulista / MS",CE
246,Ana Jlia Sales,benjamin74@barbosa.br,"Campo Duarte, Xangri-L, 34116-753 Duarte do Sul / TO",CE
247,Eloah Rocha,oliveiramaria-vitoria@cardoso.com,"Residencial Ferreira, 9, Vila Oeste, 25386384 da Cruz / SC",RJ
248,Vitria Jesus,ana-livia52@yahoo.com.br,"Campo de da Cunha, 70, Novo Tupi, 42713733 Moura / CE",BA
249,Sr. Enzo Porto,juliavieira@gmail.com,"Esplanada de Pereira, 7, Maria Helena, 53628766 Nogueira / PI",PR
250,Isabella Azevedo,giovanna01@silveira.br,"Vila de da Cunha, Bairro Das Indstrias Ii, 57536-559 Silveira de Nunes / AC",CE
251,Ceclia Arajo,moliveira@novaes.com,"Campo da Conceio, 358, Unio, 96734918 Mendes do Campo / RN",SP
252,Clarice Teixeira,giovannadas-neves@vieira.com,"Condomnio Pires, 6, Vila Bandeirantes, 88565332 Dias / RS",RS
253,Sr. Rafael Caldeira,da-pazcalebe@uol.com.br,"Vila de da Cruz, 94, Rio Branco, 50417731 Santos da Mata / PA",DF
254,Sr. Gustavo Sales,araujoana-julia@bol.com.br,"Estao Dias, 81, Vila Oeste, 37207-060 Arago / PR",MG
255,Yuri da Costa,nascimentocecilia@barros.br,"Stio Levi Carvalho, 66, Vila Boa Vista, 76229926 Correia da Praia / ES",CE
256,Brbara Monteiro,otavioda-rocha@vieira.br,"Trevo de Gomes, 79, Vila Primeiro De Maio, 60554-182 Ferreira / BA",MG
257,Marcela Caldeira,joao-feliperamos@ferreira.br,"Viela Joana Barros, Juliana, 86094-174 Silva / AL",PE
258,Kevin Barros,unascimento@moura.net,"Trevo Barbosa, 8, Minas Caixa, 01391-194 da Cunha / SE",MG
259,Julia Teixeira,fernandodas-neves@cardoso.net,"Distrito Martins, 3, Dona Clara, 31227-941 Alves do Oeste / AM",MG
260,Amanda Silveira,rfernandes@freitas.com,"Feira Pinto, 32, Vila Bandeirantes, 96670746 Novaes / PA",DF
261,Maria Fernanda Rezende,claramoraes@da.br,"Chcara Mariane Costela, 580, Vila Mangueiras, 64896-580 Cavalcanti / AC",DF
262,Maria Clara Campos,eloah02@souza.net,"Estao Arago, Vila Da Luz, 03725-181 Silva de Teixeira / PE",MG
263,Davi Lucas Rocha,heloisa19@bol.com.br,"rea Farias, 8, Esplanada, 36089-626 Farias / PB",PE
264,Alice Pinto,cmoraes@uol.com.br,"Ladeira Joo Lucas Monteiro, 57, Nova Esperana, 26909215 Arago / CE",PR
265,Evelyn Cardoso,augusto23@cunha.br,"Ptio Camila Mendes, Vila Maloca, 67162-895 Moraes Paulista / MG",SP
266,Lucca Viana,balmeida@rocha.com,"Via Moreira, 8, Zilah Sposito, 85357-975 Silveira / MS",RS
267,Noah Pires,nicole99@monteiro.br,"Avenida Carvalho, 5, So Marcos, 81405779 Fogaa de Silveira / RS",PE
268,Pedro Lucas Caldeira,pietroda-conceicao@ig.com.br,"Largo Maria Vitria Farias, 556, Conjunto Santa Maria, 92339-553 Cunha das Flores / CE",RS
269,Otvio Vieira,yuri11@gmail.com,"Campo Bruna da Conceio, 46, Vila Maria, 01337097 Viana / PA",RJ
270,Davi Lucas Moraes,uviana@bol.com.br,"Trecho Amanda Porto, 38, Santa Lcia, 45814501 das Neves dos Dourados / MG",SC
271,Lavnia Costa,heitorda-cunha@pires.com,"Condomnio de Souza, 83, Alpes, 31381-310 Oliveira da Prata / PE",PR
272,Vitor Silveira,vitor-hugo62@ig.com.br,"Esplanada Oliveira, Vila Das Oliveiras, 97854674 Cunha de Cunha / MS",RS
273,Sr. Marcelo Gomes,rochaenzo@teixeira.br,"Chcara de da Cruz, 415, Vila Antena, 38337-852 Vieira da Mata / MG",SP
274,Mariana Teixeira,nascimentoleandro@gmail.com,"Ptio de Viana, 2, Primeiro De Maio, 22729-349 da Paz / RR",RS
275,Camila Moraes,silvajoaquim@bol.com.br,"Jardim Eduarda Farias, 16, Padre Eustquio, 71516-157 Fernandes / RR",CE
276,Felipe Pereira,jgomes@sales.com,"Lago de da Rocha, 732, Salgado Filho, 09408-545 Santos de Arajo / PA",PR
277,Caroline Vieira,ida-conceicao@da.com,"Trevo de Lima, 7, Cu Azul, 68257-034 Vieira / ES",BA
278,Leandro Jesus,clarice35@jesus.com,"Trecho de Azevedo, 26, Piratininga, 25966421 Rezende de Caldeira / RR",PE
279,Joo Miguel Moraes,maria-clara33@uol.com.br,"Vale Davi Luiz Nascimento, 184, Beija Flor, 75032294 Barros da Mata / PB",PE
280,Sr. Diogo Farias,vsilveira@gmail.com,"Avenida Lopes, 56, Garas, 20721-369 Ramos / AC",SP
281,Ana Jlia Correia,xduarte@gmail.com,"Praa Felipe Martins, 2, Sion, 50364657 Oliveira / RS",SP
282,Maria Sophia Teixeira,ana-juliacostela@uol.com.br,"Viaduto de Porto, 43, Unidas, 57903-290 da Costa / RO",PR
283,Maria Alice da Paz,azevedoguilherme@yahoo.com.br,"Morro Carlos Eduardo Moura, 2, Vila Independencia 1 Seo, 01366353 Mendes de Gois / RN",RJ
284,Caroline Mendes,arthurcardoso@gmail.com,"Ncleo Barbosa, 73, Vila So Rafael, 47101322 Ramos / SC",CE
285,Murilo Caldeira,kporto@uol.com.br,"Loteamento de das Neves, 75, Aguas Claras, 97670829 Fogaa de Gois / MS",SC
286,Sophia Sales,ida-costa@pires.net,"Vale Julia das Neves, 3, Vila Do Pombal, 64593162 Arajo Paulista / RS",SC
287,Rafaela Cardoso,luna22@nogueira.org,"Setor Moura, 943, Jardim Amrica, 71320685 Moreira da Praia / PR",DF
288,Gabriel Cunha,eduardomoreira@lima.com,"Trecho de da Mota, 26, Vila Puc, 23138293 Fogaa / RO",CE
289,Sr. Bencio Azevedo,jesusdaniel@farias.org,"Rodovia de Santos, 70, Conjunto Taquaril, 05155140 Alves / RR",DF
290,Fernanda Cardoso,isabella50@carvalho.com,"Lago Nicole Arajo, 343, Vila Primeiro De Maio, 38622-022 Almeida / AM",MG
291,Milena Monteiro,benjaminfarias@viana.com,"Rodovia Correia, 80, Varzea Da Palma, 88003184 Gonalves Grande / SE",BA
292,Fernando Martins,elima@ig.com.br,"Lagoa Lavnia Lima, Luxemburgo, 53771-044 Jesus do Galho / SE",BA
293,Emanuel da Mota,marcelasilva@yahoo.com.br,"Condomnio da Rocha, 621, Palmeiras, 41231888 das Neves / RN",PR
294,Maria Clara Silva,joao-felipeda-cruz@yahoo.com.br,"Loteamento Lopes, 867, Frei Leopoldo, 32987636 Ramos de Minas / RO",DF
295,Felipe da Paz,castromirella@gmail.com,"Rua Maria Sophia Novaes, 36, Madre Gertrudes, 68273-344 Vieira / MG",RJ
296,Elisa Porto,clara00@hotmail.com,"Viaduto Ribeiro, 21, Calafate, 18116-271 Moura da Prata / PR",CE
297,Gabriel Mendes,fernanda60@almeida.com,"Viela Rafaela Costela, 4, Nova Vista, 37217261 Lima de Teixeira / AC",SC
298,Srta. Giovanna Cardoso,jda-mata@azevedo.br,"Morro Costa, 79, Alto Caiaras, 53084339 Cunha das Flores / AC",BA
299,Sra. Maria Eduarda Santos,luiz-henriquepinto@gmail.com,"Setor Guilherme da Luz, 14, Aparecida 7 Seo, 33545596 Barbosa / AL",RS
300,Marcelo Pinto,stephanybarbosa@peixoto.com,"Campo da Rosa, 4, Beira Linha, 27529372 Peixoto / DF",CE
